,City,Cloudiness,Country,Date,Humidity,Lat,Lng,Max Temp,Wind Speed
0,Arroyo,75,BO,1563663501,66,-11.08,-66.08,86.0,0.98
1,Cape Town,0,ZA,1563663263,81,-33.93,18.42,48.99,5.82
2,Constitucion,75,MX,1563663505,33,23.99,-104.67,80.01,8.05
3,Crestview,1,US,1563663506,65,30.76,-86.57,87.01,9.17
4,Huntington,1,US,1563663507,55,40.87,-73.43,96.8,13.87
5,Saldanha,0,PT,1563663509,69,41.42,-6.55,65.8,2.98
6,Arraial do Cabo,40,BR,1563663510,88,-22.97,-42.02,66.2,11.41
7,Mataura,65,NZ,1563663511,98,-46.19,168.86,48.0,3.44
8,Hami,100,CN,1563663513,51,42.84,93.51,73.0,8.3
9,Kuching,75,MY,1563663514,94,1.56,110.34,80.6,2.24
10,Atuona,0,PF,1563663459,79,-9.8,-139.03,79.66,13.31
11,Pyay,96,MM,1563663336,90,18.82,95.22,76.6,1.77
12,Klaksvik,79,FO,1563663519,100,62.23,-6.59,51.8,3.36
13,Meulaboh,100,ID,1563663520,76,4.14,96.13,80.38,4.47
14,Albany,75,US,1563663346,52,42.65,-73.75,93.99,8.05
15,Bambous Virieux,20,MU,1563663303,88,-20.34,57.76,70.0,5.82
16,Hermanus,72,ZA,1563663524,83,-34.42,19.24,46.0,8.01
17,Ushuaia,0,AR,1563663525,64,-54.81,-68.31,35.6,13.87
18,Souillac,0,FR,1563663527,88,45.6,-0.6,68.0,5.82
19,Quatre Cocos,20,MU,1563663528,88,-20.21,57.76,70.0,5.82
20,Pervomayskiy,0,RU,1563663530,85,53.24,40.29,56.98,8.68
21,Cidreira,0,BR,1563663531,80,-30.17,-50.22,62.02,9.66
22,Hofn,100,IS,1563663532,99,64.25,-15.21,40.06,2.8
23,Ciudad Bolivar,41,VE,1563663534,60,8.12,-63.55,83.26,8.05
24,Te Anau,99,NZ,1563663536,85,-45.41,167.72,46.72,4.54
25,Isangel,20,VU,1563663537,57,-19.55,169.27,75.2,9.17
26,Busselton,100,AU,1563663538,64,-33.64,115.35,57.99,28.39
27,Mount Gambier,75,AU,1563663540,87,-37.83,140.78,46.4,8.05
28,Punta Arenas,75,CL,1563663541,93,-53.16,-70.91,35.6,8.05
29,Jamestown,7,AU,1563663542,78,-33.21,138.6,49.96,10.09
30,Piacabucu,55,BR,1563663544,86,-10.41,-36.43,73.54,11.54
31,Sebinkarahisar,95,TR,1563663545,93,40.29,38.42,51.58,4.03
32,Dingle,63,PH,1563663546,79,11.0,122.67,80.92,0.63
33,Vaini,100,IN,1563663548,90,15.34,74.49,77.86,8.41
34,Hithadhoo,78,MV,1563663420,78,-0.6,73.08,82.54,15.93
35,Kodiak,1,US,1563663550,21,39.95,-94.76,99.0,9.17
36,Hilo,75,US,1563663552,61,19.71,-155.08,86.0,10.29
37,Kahului,40,US,1563663553,55,20.89,-156.47,87.8,14.99
38,Beloha,17,MG,1563663554,88,-25.17,45.06,64.0,7.23
39,Ribeira Grande,0,PT,1563663556,80,38.52,-28.7,72.64,20.42
40,Ancud,90,CL,1563663557,100,-41.87,-73.83,41.0,6.93
41,Lompoc,1,US,1563663477,100,34.64,-120.46,73.99,5.82
42,Sol-Iletsk,0,RU,1563663560,81,51.16,55.0,64.0,9.22
43,Bredasdorp,69,ZA,1563663561,86,-34.53,20.04,46.0,8.05
44,Rikitea,32,PF,1563663562,50,-23.12,-134.97,67.06,8.37
45,Bluff,59,AU,1563663564,70,-23.58,149.07,61.48,11.88
46,Faanui,16,PF,1563663565,78,-16.48,-151.75,76.96,18.12
47,Broken Hill,66,AU,1563663567,32,-31.97,141.45,55.4,10.29
48,Zhigalovo,81,RU,1563663568,60,54.81,105.15,65.98,1.34
49,Juneau,90,US,1563663569,87,58.3,-134.42,57.2,10.29
50,Clovis,1,US,1563663567,29,36.83,-119.7,97.0,3.36
51,Husavik,16,CA,1563663572,65,50.56,-96.99,71.01,3.0
52,Esperance,75,AU,1563663573,93,-33.86,121.89,51.8,14.99
53,Labuhan,0,ID,1563663575,88,-2.54,115.51,75.52,0.13
54,Victoria,75,BN,1563663555,88,5.28,115.24,82.4,2.24
55,Tasiilaq,40,GL,1563663577,75,65.61,-37.64,44.6,4.7
56,Ponta Delgada,20,PT,1563663579,88,37.73,-25.67,71.6,5.82
57,Alamos,100,AR,1563663580,94,-36.9,-62.36,57.52,11.74
58,Severodvinsk,40,RU,1563663582,76,64.56,39.82,51.8,4.47
59,Bratsk,75,RU,1563663583,82,56.15,101.63,55.4,6.71
60,Konstantinovka,44,UA,1563663584,72,46.85,29.85,65.26,3.96
61,Chuy,2,UY,1563663586,85,-33.69,-53.46,60.94,11.83
62,Hobart,40,AU,1563663587,54,-42.88,147.33,55.4,18.34
63,Sitka,0,US,1563663588,33,37.17,-99.65,100.99,18.01
64,Saint-Philippe,75,CA,1563663590,74,45.36,-73.48,89.01,17.22
65,Okhotsk,0,RU,1563663592,44,59.36,143.24,64.0,17.18
66,Carnarvon,39,ZA,1563663594,65,-30.97,22.13,34.3,11.12
67,Isla Vista,0,US,1563663595,44,34.41,-119.86,80.01,11.41
68,Phetchaburi,100,TH,1563663597,41,13.1,99.94,88.0,1.54
69,Swift Current,75,CA,1563663598,49,50.29,-107.8,69.8,9.17
70,Uglovskoye,18,RU,1563663600,73,51.36,80.19,65.8,2.89
71,Luderitz,0,NA,1563663601,67,-26.65,15.16,57.88,9.37
72,Esna,63,RO,1563663602,65,45.2,27.57,67.6,3.65
73,Virginia Beach,1,US,1563663498,56,36.85,-75.98,98.01,9.17
74,Anloga,40,GH,1563663610,88,5.79,0.9,78.8,9.17
75,Hay River,40,CA,1563663612,50,60.82,-115.79,77.0,9.17
76,East London,34,ZA,1563663340,83,-33.02,27.91,42.58,6.17
77,Katsuura,75,JP,1563663618,83,33.93,134.5,80.6,21.92
78,Sao Filipe,50,CV,1563663622,81,14.9,-24.5,72.46,19.69
79,Portland,1,US,1563663333,66,43.66,-70.25,91.4,8.05
80,Norden,2,DE,1563663626,88,53.59,7.21,64.99,5.82
81,Georgetown,40,GY,1563663435,88,6.8,-58.16,78.8,6.93
82,Kutum,100,SD,1563663629,76,14.2,24.66,68.86,16.24
83,Pavilosta,12,LV,1563663630,93,56.89,21.19,55.4,13.15
84,Pacific Grove,1,US,1563663632,60,36.62,-121.92,84.99,12.75
85,Puerto Ayora,20,EC,1563663633,54,-0.74,-90.35,82.4,16.11
86,Loandjili,20,CG,1563663635,100,-4.77,11.87,69.8,2.24
87,Cody,1,US,1563663636,30,44.53,-109.06,82.0,3.22
88,Torbay,90,CA,1563663637,87,47.66,-52.73,51.01,11.41
89,Upernavik,100,GL,1563663639,94,72.79,-56.15,43.48,6.42
90,Dongsheng,69,CN,1563663640,75,29.72,112.52,83.08,2.84
91,Faya,5,SA,1563663641,20,18.39,42.45,77.0,2.44
92,Bethel,90,US,1563663500,76,60.79,-161.76,57.2,10.29
93,Westport,1,US,1563663644,56,41.14,-73.36,93.99,8.05
94,Naze,82,NG,1563663645,97,5.43,7.07,72.1,3.74
95,Dunedin,96,NZ,1563663647,99,-45.87,170.5,50.0,15.68
96,Sao Joao da Barra,75,BR,1563663648,88,-21.64,-41.05,68.0,9.17
97,Airai,0,TL,1563663649,42,-8.93,125.41,76.24,0.76
98,Chunskiy,100,RU,1563663651,98,56.08,99.63,53.02,4.03
99,Darnah,0,LY,1563663652,81,32.77,22.64,76.6,13.11
100,Escanaba,90,US,1563663653,83,45.75,-87.06,71.6,5.82
101,Saskylakh,6,RU,1563663655,50,71.97,114.09,61.48,9.24
102,Dhadar,0,IN,1563663656,55,28.33,75.06,90.82,7.92
103,Kaitangata,100,NZ,1563663658,91,-46.28,169.85,50.0,8.99
104,Grand Gaube,20,MU,1563663659,88,-20.01,57.66,70.0,5.82
105,Codrington,90,AU,1563663660,100,-28.95,153.24,55.99,1.12
106,Tarakan,75,ID,1563663366,94,3.3,117.63,76.24,6.82
107,Nizip,0,TR,1563663663,42,37.01,37.79,81.0,8.05
108,Yellowknife,40,CA,1563663664,43,62.45,-114.38,71.6,9.17
109,Tura,0,RU,1563663666,50,64.27,100.22,60.94,4.38
110,Goma,84,CD,1563663667,95,-1.67,29.23,54.64,1.25
111,Nanortalik,100,GL,1563663669,96,60.14,-45.24,41.32,2.57
112,Port Elizabeth,1,US,1563663670,56,39.31,-74.98,96.8,10.29
113,Barrow,100,AR,1563663671,88,-38.31,-60.23,59.5,15.21
114,Igrim,100,RU,1563663673,97,63.19,64.42,62.74,5.23
115,Touros,75,BR,1563663674,88,-5.2,-35.46,77.0,4.7
116,Kavieng,100,PG,1563663675,76,-2.57,150.8,83.8,16.69
117,Gat,28,SN,1563663677,74,14.69,-16.54,78.8,6.93
118,Saint-Pierre,0,FR,1563663678,77,48.95,4.24,69.8,6.93
119,Bulgan,100,MN,1563663679,81,48.81,103.53,60.4,1.81
120,Neiafu,40,TO,1563663666,88,-18.65,-173.98,80.6,11.41
121,Adre,100,TD,1563663683,80,13.47,22.2,72.28,4.32
122,Turukhansk,0,RU,1563663684,58,65.8,87.96,61.84,5.7
123,Tommot,0,RU,1563663686,50,58.97,126.27,57.88,10.85
124,Adrar,79,DZ,1563663687,13,27.87,-0.29,104.0,13.87
125,Rocha,43,UY,1563663688,93,-34.48,-54.34,61.66,11.95
126,Tuktoyaktuk,20,CA,1563663690,72,69.44,-133.03,64.4,14.99
127,Port Alfred,24,ZA,1563663692,87,-33.59,26.89,46.99,3.0
128,Fortuna,1,US,1563663693,77,40.6,-124.16,64.99,11.41
129,Kizilskoye,57,RU,1563663695,93,52.73,58.89,61.66,8.32
130,Sechura,21,PE,1563663512,87,-5.56,-80.82,64.18,12.08
131,Polson,40,US,1563663697,45,47.69,-114.16,73.99,3.36
132,Milkovo,0,BG,1563663699,56,41.53,24.68,77.0,4.7
133,Kapaa,75,US,1563663466,70,22.08,-159.32,86.0,14.99
134,Kiama,0,AU,1563663701,57,-34.67,150.86,64.0,1.12
135,Tilichiki,100,RU,1563663703,98,60.47,166.1,50.68,5.12
136,Clyde River,90,CA,1563663704,100,70.47,-68.59,39.2,11.41
137,Vardo,1,US,1563663706,56,39.62,-77.74,96.01,4.7
138,Telford,0,GB,1563663708,72,52.68,-2.45,61.0,5.82
139,Sena Madureira,47,BR,1563663709,62,-9.07,-68.66,77.32,0.11
140,Kununurra,73,AU,1563663710,77,-15.77,128.74,59.0,3.36
141,Hambantota,100,LK,1563663712,77,6.12,81.12,81.64,19.71
142,Lalmohan,84,BD,1563663713,87,22.34,90.74,82.18,4.68
143,Qaanaaq,99,GL,1563663714,86,77.48,-69.36,40.42,1.99
144,Priargunsk,93,RU,1563663716,94,50.37,119.09,64.9,5.53
145,Khatanga,17,RU,1563663717,44,71.98,102.47,72.46,10.83
146,Yuzhou,33,CN,1563663718,83,34.16,113.47,78.8,2.24
147,Saint George,20,GR,1563663720,60,39.45,22.34,78.01,1.7
148,Praia,0,BR,1563663721,63,-20.25,-43.81,62.6,13.87
149,Qiongshan,40,CN,1563663723,94,20.01,110.35,80.6,4.47
150,Dikson,79,RU,1563663724,100,73.51,80.55,42.4,10.0
151,Butaritari,54,KI,1563663726,69,3.07,172.79,84.7,7.14
152,Rawson,100,AR,1563663727,86,-43.3,-65.11,42.58,23.6
153,Independence,1,US,1563663621,47,39.09,-94.42,98.01,8.05
154,Severo-Kurilsk,66,RU,1563663730,95,50.68,156.12,45.82,11.34
155,Hasaki,75,JP,1563663731,94,35.73,140.83,75.2,8.05
156,Leshukonskoye,100,RU,1563663734,96,64.9,45.76,46.0,5.55
157,Portobelo,40,PA,1563663736,62,9.55,-79.65,89.6,13.87
158,Whittlesea,40,AU,1563663737,66,-37.51,145.12,55.99,18.34
159,Mezen,100,RU,1563663739,88,65.85,44.24,47.26,8.72
160,Oga,0,IT,1563663740,100,46.46,10.35,57.2,3.36
161,Pierre,75,US,1563663741,54,44.37,-100.35,82.0,11.41
162,Seoul,90,KR,1563663612,100,37.57,126.98,75.2,1.12
163,Viedma,100,AR,1563663744,81,-40.81,-62.99,49.78,18.61
164,Tiksi,10,RU,1563663746,65,71.64,128.87,42.76,17.18
165,Nuuk,75,GL,1563663747,71,64.17,-51.74,55.4,5.82
166,Oranjemund,15,ZA,1563663749,59,-28.55,16.43,59.86,11.16
167,Bahia Honda,67,CU,1563663751,78,22.9,-83.16,83.8,14.47
168,Lakatoro,39,VU,1563663754,76,-16.11,167.42,76.24,14.63
169,Geraldton,75,CA,1563663755,52,49.72,-86.95,69.8,6.93
170,Hokitika,100,NZ,1563663756,67,-42.72,170.96,55.72,5.48
171,Daru,54,PG,1563663758,65,-9.07,143.21,78.94,9.71
172,Lincoln,0,GB,1563663759,72,53.23,-0.54,60.8,12.75
173,Nikolskoye,70,RU,1563663760,87,59.7,30.79,59.0,6.71
174,Makinsk,65,KZ,1563663762,78,52.63,70.42,63.46,4.16
175,New Norfolk,40,AU,1563663763,54,-42.78,147.06,55.4,18.34
176,Petropavlovsk-Kamchatskiy,40,RU,1563663764,68,53.05,158.65,69.8,6.71
177,Chavakkad,90,IN,1563663766,94,10.53,76.05,77.0,4.7
178,Wakkanai,66,JP,1563663767,93,45.41,141.67,66.16,3.67
179,Thinadhoo,75,MV,1563663768,77,0.53,72.93,83.08,13.73
180,Pizhanka,42,RU,1563663770,95,57.46,48.54,54.82,7.49
181,Mar del Plata,13,AR,1563663771,55,-46.43,-67.52,37.54,6.26
182,Norman Wells,75,CA,1563663767,50,65.28,-126.83,77.0,5.82
183,Port Macquarie,0,AU,1563663774,100,-31.43,152.91,57.0,1.99
184,Mahon,75,IE,1563663775,93,51.89,-8.4,59.0,5.82
185,Cabedelo,75,BR,1563663776,88,-6.97,-34.84,75.2,4.7
186,Moramanga,0,MG,1563663778,70,-18.95,48.23,50.14,3.65
187,Mahebourg,20,MU,1563663779,88,-20.41,57.7,70.0,5.82
188,Namatanai,80,PG,1563663780,78,-3.66,152.44,81.1,11.27
189,San Martin,1,US,1563663782,60,37.08,-121.61,88.0,12.75
190,Anadyr,75,RU,1563663784,88,64.73,177.51,62.6,11.18
191,Ahuimanu,75,US,1563663786,94,21.44,-157.84,87.01,12.75
192,San Cristobal,56,HN,1563663787,66,14.68,-86.92,74.98,7.29
193,Buluang,75,PH,1563663789,78,10.47,123.98,82.4,1.77
194,Karasjok,34,NO,1563663790,82,69.47,25.52,55.4,11.41
195,Aksarka,2,RU,1563663792,73,66.56,67.8,63.28,3.62
196,Waingapu,60,ID,1563663794,80,-9.65,120.26,72.64,12.97
197,Salamanca,75,MX,1563663795,39,20.57,-101.19,80.6,8.05
198,Batagay-Alyta,89,RU,1563663796,42,67.8,130.41,58.24,18.9
199,Pangnirtung,89,CA,1563663798,68,66.15,-65.72,53.38,4.12
200,Poronaysk,100,RU,1563663800,83,49.22,143.1,69.22,6.58
201,La Grande,1,US,1563663801,19,45.32,-118.09,86.0,4.7
202,Aljezur,0,PT,1563663802,74,37.31,-8.8,72.0,19.37
203,Lufilufi,84,WS,1563663804,78,-13.87,-171.6,82.0,10.58
204,Mana,34,NG,1563663805,61,13.03,5.27,80.56,10.42
205,Itaituba,28,BR,1563663806,64,-4.26,-55.99,77.68,2.42
206,Beibei,40,CN,1563663808,100,29.83,106.43,78.8,2.24
207,Balkhash,0,KZ,1563663809,50,46.84,74.98,73.54,8.32
208,Matagami,81,NG,1563663810,97,9.67,8.4,68.86,6.17
209,Bilma,93,NE,1563663812,34,18.69,12.92,90.82,5.59
210,Shasta Lake,1,US,1563663813,24,40.68,-122.36,97.0,6.49
211,Yazman,0,SY,1563663815,72,36.74,38.46,71.2,3.96
212,Takoradi,59,GH,1563663816,95,4.89,-1.75,73.36,3.74
213,Marfino,40,RU,1563663818,93,56.07,37.56,64.0,8.95
214,Kibala,20,TD,1563663819,88,9.11,18.35,78.8,4.0
215,Ilulissat,75,GL,1563663821,76,69.22,-51.1,51.8,3.36
216,Schwabisch Hall,40,DE,1563663822,56,49.11,9.74,73.4,5.82
217,West Wendover,1,US,1563663823,15,40.74,-114.07,91.4,8.05
218,Buraydah,0,SA,1563663825,28,26.33,43.97,86.0,6.93
219,Longyearbyen,75,NO,1563663826,87,78.22,15.63,42.8,8.05
220,Ambanja,85,MG,1563663827,76,-13.68,48.45,77.14,6.78
221,Tornio,0,FI,1563663829,77,61.12,27.27,60.8,3.36
222,Chokurdakh,100,RU,1563663830,74,70.62,147.9,40.42,14.9
223,Soyo,0,AO,1563663832,84,-6.13,12.37,71.92,6.8
224,Mehamn,0,NO,1563663833,76,71.03,27.85,51.58,2.91
225,Castro,90,CL,1563663836,100,-42.48,-73.76,41.0,6.93
226,Yumen,100,CN,1563663837,46,40.29,97.04,71.02,12.37
227,Achalpur,20,IN,1563663838,88,21.25,77.51,74.62,4.18
228,Birao,88,CF,1563663840,97,10.3,22.78,70.12,4.16
229,Mnogovershinnyy,100,RU,1563663841,96,53.94,139.92,51.4,8.68
230,Cabo San Lucas,40,MX,1563663767,54,22.89,-109.91,87.8,16.11
231,Saint-Augustin,75,CA,1563663844,74,45.63,-73.98,87.01,17.22
232,Artyom,40,RU,1563663845,78,43.36,132.19,78.8,13.42
233,Vanimo,28,PG,1563663847,79,-2.67,141.3,81.28,5.14
234,Verkhoyansk,79,RU,1563663848,39,67.55,133.39,62.02,5.66
235,Kavaratti,100,IN,1563663850,81,10.57,72.64,81.1,25.01
236,Thompson,40,CA,1563663724,37,55.74,-97.86,68.0,5.82
237,Humboldt,7,CA,1563663852,64,52.21,-105.12,68.14,4.47
238,Novosergiyevka,0,RU,1563663854,86,52.08,53.65,60.94,7.58
239,Kenai,90,US,1563663855,72,60.55,-151.26,66.99,11.41
240,Demirci,61,TR,1563663856,10,39.05,28.66,75.0,58.0
241,Tsumeb,0,NA,1563663858,14,-19.25,17.72,57.52,9.86
242,Qaqortoq,40,GL,1563663859,58,60.72,-46.03,59.0,14.99
243,Alofi,52,NU,1563663861,74,-19.06,-169.92,80.6,11.41
244,Basoda,0,IN,1563663862,63,23.85,77.92,82.72,5.03
245,Inhambane,91,MZ,1563663864,69,-23.87,35.38,62.56,11.72
246,Strezhevoy,75,RU,1563663865,68,60.73,77.6,64.4,8.95
247,Lorengau,94,PG,1563663866,84,-2.02,147.27,79.84,12.35
248,Ahipara,34,NZ,1563663868,100,-35.17,173.16,57.0,15.32
249,Bako,83,BF,1563663869,59,12.29,-0.73,79.12,4.32
250,Padilla,40,CO,1563663870,49,3.23,-76.31,89.6,13.87
251,Morgan City,1,US,1563663872,88,29.7,-91.21,80.6,3.36
252,Naxos,0,GR,1563663626,53,37.11,25.38,79.0,19.46
253,Yulara,0,AU,1563663874,61,-25.24,130.99,48.2,8.05
254,Sabang,100,PH,1563663876,84,13.8,121.11,82.0,2.8
255,Xai-Xai,100,MZ,1563663878,76,-25.04,33.64,60.58,12.75
256,Keti Bandar,0,PK,1563663879,81,24.14,67.45,82.36,14.0
257,Sao Miguel do Araguaia,1,BR,1563663881,39,-13.28,-50.16,71.38,3.4
258,Tomatlan,78,MX,1563663882,63,19.93,-105.25,84.52,5.28
259,Vestmannaeyjar,65,IS,1563663884,93,63.44,-20.27,51.94,9.73
260,Iqaluit,90,CA,1563663885,93,63.75,-68.52,41.0,14.99
261,Biltine,100,TD,1563663887,65,14.53,20.93,81.1,16.67
262,Marsh Harbour,15,BS,1563663888,72,26.54,-77.06,84.7,9.6
263,Avera,1,US,1563663889,52,33.19,-82.53,93.2,5.82
264,Hagere Hiywet,78,ET,1563663891,93,8.98,37.85,52.48,2.51
265,Morant Bay,20,JM,1563663740,49,17.88,-76.41,89.6,28.86
266,Novyy Urengoy,35,RU,1563663895,55,66.08,76.63,70.48,5.37
267,Port-Gentil,20,GA,1563663619,94,-0.72,8.78,75.2,6.93
268,Teguldet,85,RU,1563663898,86,57.31,88.17,50.5,4.32
269,Sete,22,NP,1563663899,91,27.58,86.44,66.52,1.83
270,Coahuayana,66,MX,1563663900,81,18.62,-100.35,78.04,0.87
271,Auki,5,NG,1563663902,77,12.18,6.51,73.72,9.13
272,Berezovyy,100,RU,1563663904,93,51.67,135.7,63.64,2.13
273,Avarua,53,CK,1563663906,60,-21.21,-159.78,75.2,9.17
274,Zhezkazgan,16,KZ,1563663907,33,47.8,67.71,76.78,9.75
275,Berdigestyakh,0,RU,1563663909,45,62.1,126.7,63.82,5.14
276,Tuatapere,83,NZ,1563663910,98,-46.13,167.69,48.0,15.23
277,Sao Felix do Xingu,36,BR,1563663912,61,-6.64,-51.99,74.26,3.0
278,Forestville,75,CA,1563663913,64,48.74,-69.09,71.6,11.41
279,Boditi,89,ET,1563663914,96,6.95,37.86,61.48,1.7
280,Limoux,75,FR,1563663916,94,43.05,2.22,75.2,1.12
281,Sambava,99,MG,1563663917,81,-14.27,50.17,69.76,2.13
282,Balingasay,100,PH,1563663918,78,16.36,119.86,83.44,13.2
283,Lavrentiya,100,RU,1563663920,91,65.58,-170.99,45.1,5.5
284,Alice Town,16,BS,1563663787,76,25.72,-79.3,83.44,12.1
285,San Quintin,100,PH,1563663922,81,17.54,120.52,80.56,2.26
286,Vila Velha,40,BR,1563663928,74,-3.71,-38.6,79.0,9.17
287,Dhidhdhoo,88,MV,1563663929,78,6.88,73.1,82.18,21.9
288,Ostrovnoy,0,RU,1563663930,78,68.05,39.51,41.14,0.51
289,Aurangabad,100,IN,1563663932,92,19.87,75.33,75.16,3.65
290,Nouadhibou,0,MR,1563663858,69,20.93,-17.03,73.4,10.29
291,Shaowu,20,CN,1563663935,82,27.34,117.49,82.72,2.24
292,Ryotsu,100,JP,1563663937,88,38.08,138.43,77.0,6.93
293,Kedougou,97,SN,1563663939,95,12.56,-12.19,73.54,5.23
294,Huambo,0,AO,1563663941,32,-12.78,15.73,48.16,2.08
295,Viseu,75,PT,1563663942,93,40.66,-7.91,64.99,13.87
296,Jalu,0,LY,1563663944,41,29.03,21.55,78.76,14.61
297,Zheleznodorozhnyy,20,RU,1563663945,88,55.75,38.0,64.0,6.71
298,Metro,98,ID,1563663947,86,-5.11,105.31,75.7,3.13
299,Phetchabun,100,TH,1563663948,98,16.42,101.16,71.56,1.88
300,Masuda,90,JP,1563663950,88,34.68,131.85,78.8,3.36
301,Henties Bay,0,NA,1563663951,89,-22.12,14.28,54.0,3.47
302,Morros,40,BR,1563663953,94,-2.87,-44.04,75.2,2.24
303,Weatherford,20,US,1563663873,39,32.76,-97.8,99.0,17.22
304,Orlik,0,PL,1563663956,93,53.95,17.74,66.0,2.24
305,Uyovu,74,TZ,1563663957,47,-3.28,31.53,72.1,3.13
306,Uch,0,FR,1563663959,88,45.32,-0.93,69.01,4.7
307,Raudeberg,100,NO,1563663960,93,61.99,5.14,59.0,8.05
308,Bouar,54,CF,1563663962,97,5.94,15.59,64.18,2.93
309,Coos Bay,1,US,1563663711,72,43.37,-124.22,71.01,24.16
310,Bitung,20,ID,1563663964,94,1.44,125.19,73.4,1.12
311,Fort Nelson,40,CA,1563663965,34,58.81,-122.69,80.6,4.7
312,Sangin,0,AF,1563663967,13,32.07,64.85,80.92,9.06
313,Yerbogachen,2,RU,1563663968,46,61.28,108.01,60.22,13.96
314,La Crosse,90,US,1563663802,78,43.8,-91.24,73.99,3.36
315,Gien,45,FR,1563663971,78,47.69,2.63,70.0,4.99
316,Myrtle Beach,1,US,1563663972,52,33.7,-78.89,93.2,3.36
317,Pisco,0,PE,1563663974,30,-13.71,-76.2,71.6,6.93
318,Luwuk,86,ID,1563663975,93,-0.95,122.79,64.9,5.61
319,Walvis Bay,0,NA,1563663976,34,-22.95,14.51,68.0,3.8
320,Warkworth,26,NZ,1563663978,95,-36.4,174.66,55.99,3.47
321,San Carlos de Bariloche,90,AR,1563663818,89,-41.13,-71.31,32.0,9.48
322,San Patricio,25,PY,1563663980,73,-26.98,-56.83,70.3,12.71
323,Amarillo,1,US,1563663902,24,35.21,-101.83,104.0,23.04
324,Menongue,0,AO,1563663983,33,-14.66,17.68,49.24,3.8
325,Galeana,22,MX,1563663985,42,24.83,-100.08,73.0,8.34
326,Zavodoukovsk,81,RU,1563663986,90,56.51,66.54,63.46,2.35
327,Kavali,54,IN,1563663988,76,14.91,79.99,81.46,5.95
328,The Valley,40,AI,1563663884,69,18.22,-63.06,86.0,9.17
329,Manacapuru,75,BR,1563663967,55,-3.3,-60.62,86.0,11.41
330,Port Lincoln,20,AU,1563663992,68,-34.72,135.86,57.88,23.02
331,Flin Flon,75,CA,1563663993,42,54.77,-101.88,68.0,3.36
332,Laguna,75,BZ,1563663995,79,16.17,-88.94,84.2,6.93
333,Boffa,100,GN,1563663996,83,10.18,-14.04,78.04,5.79
334,Garden City,1,US,1563663871,13,43.62,-116.24,90.0,14.99
335,Haines Junction,74,CA,1563663998,46,60.75,-137.51,66.34,8.1
336,Changtu,100,CN,1563664000,89,42.78,124.11,75.16,6.55
337,Tshikapa,0,CD,1563664001,29,-6.42,20.79,67.96,2.08
338,Misratah,0,LY,1563664003,73,32.38,15.09,77.14,10.76
339,Venice,20,US,1563664004,94,27.1,-82.45,75.2,9.17
340,Melfi,5,IT,1563664006,94,41.0,15.66,71.6,2.24
341,Assiniboia,74,CA,1563663747,61,49.63,-105.99,67.6,10.42
342,Merauke,44,ID,1563664009,77,-8.49,140.4,75.7,19.1
343,Almaznyy,0,RU,1563664010,63,48.03,40.04,64.4,2.24
344,Caravelas,23,BR,1563664012,77,-17.73,-39.27,71.38,14.07
345,Bozeman,1,US,1563663780,22,45.68,-111.04,75.2,5.82
346,Sorland,41,NO,1563664014,95,67.67,12.69,52.48,15.61
347,Boulder City,1,US,1563664015,7,35.98,-114.83,104.0,19.46
348,Erdemli,0,TR,1563664017,44,36.61,34.31,75.52,9.19
349,San Pedro,100,AR,1563664018,84,-33.68,-59.66,66.99,1.01
350,Maniitsoq,11,GL,1563663761,83,65.42,-52.9,47.44,12.62
351,Rognan,20,NO,1563664022,93,67.1,15.4,59.0,2.24
352,Salas,0,PE,1563664023,29,-6.27,-79.61,66.2,16.11
353,Goure,12,NE,1563664024,40,13.98,10.27,87.4,11.27
354,Cherskiy,99,RU,1563664025,49,68.75,161.3,49.06,10.16
355,Beroroha,0,MG,1563664027,93,-21.68,45.17,55.18,1.1
356,Bow Island,75,CA,1563664028,38,49.87,-111.38,73.4,17.22
357,Bull Savanna,7,JM,1563664030,77,17.89,-77.59,84.7,15.08
358,Kasungu,58,MW,1563664032,84,-13.04,33.48,53.92,2.77
359,Baghdad,0,IQ,1563663970,31,33.3,44.38,89.6,9.17
360,Bathurst,0,AU,1563664035,44,-33.42,149.58,60.01,5.99
361,Kang,0,BW,1563664037,39,-23.67,22.79,46.0,8.88
362,Chapais,75,CA,1563664038,82,49.78,-74.86,68.0,6.93
363,Kieta,1,PG,1563664039,74,-6.22,155.63,82.9,9.93
364,Dakoro,47,NE,1563664041,43,14.51,6.76,89.02,14.32
365,Lebu,40,ET,1563664042,87,8.96,38.73,55.4,2.24
366,Hervey Bay,3,AU,1563664044,82,-25.3,152.85,66.0,6.93
367,Forbes,0,AU,1563664045,34,-33.38,148.01,59.0,1.01
368,Waldkirchen,82,AT,1563664046,64,48.73,13.6,73.99,1.99
369,Camacha,40,PT,1563664048,88,33.08,-16.33,73.4,8.05
370,Havre-Saint-Pierre,90,CA,1563663800,87,50.23,-63.6,57.2,8.05
371,Fondi,0,IT,1563664051,94,41.36,13.43,77.0,2.24
372,Abu Samrah,0,SY,1563664052,78,35.3,37.18,68.68,10.92
373,Elbistan,0,TR,1563664053,74,38.2,37.19,58.78,6.33
374,Mayskiy,90,RU,1563664055,69,43.63,44.06,73.4,2.24
375,Puerto Ayacucho,40,CO,1563664056,74,5.66,-67.63,82.4,3.04
376,Paamiut,41,GL,1563664057,95,61.99,-49.67,42.4,15.77
377,Tuy Hoa,100,VN,1563663930,73,13.08,109.3,79.66,7.7
378,Kruisfontein,18,ZA,1563664060,82,-34.0,24.73,42.04,5.46
379,Goderich,91,CA,1563664061,73,43.74,-81.71,80.01,5.01
380,Harper,1,US,1563664063,32,30.3,-99.24,96.8,13.87
381,Mtwara,20,TZ,1563664064,88,-10.28,40.18,66.2,5.82
382,Yarada,40,IN,1563664066,88,17.65,83.27,82.4,2.24
383,Am Timan,100,TD,1563664068,90,11.04,20.28,73.36,5.66
384,Chifeng,17,CN,1563664069,39,42.27,118.96,79.84,5.57
385,Samarai,79,PG,1563664071,76,-10.62,150.67,76.96,5.19
386,Poya,40,NC,1563664073,66,-21.35,165.16,68.14,20.07
387,Bodden Town,40,KY,1563663947,66,19.28,-81.25,89.6,12.75
388,Ingham,2,AU,1563664076,62,-18.65,146.16,69.4,1.79
389,Hamilton,75,CA,1563663988,62,43.26,-79.87,91.4,9.17
390,Jinji,78,CN,1563664079,67,22.16,112.49,86.0,6.15
391,Inirida,87,CO,1563664081,95,3.87,-67.92,75.16,2.17
392,Makakilo City,75,US,1563664083,94,21.35,-158.09,87.01,12.75
393,Cedar City,1,US,1563663982,9,37.68,-113.06,89.6,13.87
394,Ambon,0,FR,1563664085,93,47.55,-2.56,64.99,3.36
395,Russell,1,US,1563664088,26,38.9,-98.86,105.01,21.92
396,Cawayan,62,PH,1563664090,73,9.81,123.54,81.64,1.52
397,Mankapur,2,IN,1563664091,58,28.32,79.86,86.14,6.38
398,Cam Ranh,20,VN,1563664092,83,11.92,109.15,82.4,4.7
399,Provideniya,100,RU,1563664094,88,64.42,-173.23,51.22,7.43
400,Namtsy,0,RU,1563664095,47,62.72,129.66,59.0,4.47
401,Maumere,37,ID,1563663923,61,-8.63,122.22,76.42,3.04
402,Gaspe,75,CA,1563664098,77,48.83,-64.48,66.2,9.17
403,Bone,0,DE,1563664099,93,51.97,12.14,64.99,4.7
404,Sao Jose da Coroa Grande,68,BR,1563663909,95,-8.9,-35.15,70.12,4.43
405,Killybegs,94,IE,1563664102,89,54.63,-8.45,55.99,3.0
406,Anshun,100,CN,1563664103,96,26.25,105.93,67.06,3.06
407,Garbolovo,36,RU,1563664105,87,60.34,30.5,59.0,6.71
408,Bingol,0,TR,1563664106,66,38.88,40.49,65.62,4.94
409,Rexburg,1,US,1563663892,18,43.82,-111.79,82.4,13.87
410,Rome,0,IT,1563664105,68,41.89,12.48,73.99,2.24
411,Smithers,75,CA,1563663842,63,54.78,-127.17,62.6,3.36
412,Puerto Maldonado,0,PE,1563664111,334,-12.59,-69.19,33.8,3.36
413,Sabha,0,LY,1563664113,24,27.03,14.43,82.36,13.49
414,Shelburne,40,CA,1563663857,58,44.08,-80.2,89.6,9.17
415,Bethanien,4,NA,1563664115,58,-26.5,17.16,39.34,3.06
416,Griffith,0,AU,1563664117,62,-34.29,146.06,57.0,8.05
417,Tifton,75,US,1563663924,58,31.45,-83.51,91.4,16.11
418,Santa Cruz,30,BR,1563664119,87,-6.22,-36.02,67.78,7.54
419,Coihaique,20,CL,1563664055,98,-45.58,-72.07,32.0,1.3
420,Bambanglipuro,100,ID,1563664122,87,-7.95,110.28,76.06,13.73
421,Grand Baie,20,MU,1563664123,88,-20.02,57.58,70.0,5.82
422,Paita,0,PE,1563664125,290,-5.09,-81.11,62.6,12.75
423,Salalah,75,OM,1563664126,94,17.01,54.1,78.8,2.24
424,Ozernovskiy,92,RU,1563664128,93,51.5,156.52,46.9,7.2
425,Whitehorse,75,CA,1563664129,59,60.72,-135.06,66.99,4.7
426,Tongzi,100,CN,1563664131,89,28.78,105.09,78.76,0.69
427,Talagang,0,PK,1563664132,45,32.92,72.41,92.8,3.71
428,Sinj,0,HR,1563664133,49,43.7,16.64,73.4,2.24
429,Celestun,0,MX,1563664135,81,20.87,-90.4,82.54,21.54
430,Shenjiamen,12,CN,1563664136,93,29.96,122.3,78.94,3.67
431,Pineville,1,US,1563664138,62,31.32,-92.43,91.4,11.41
432,Ormara,67,PK,1563664140,77,25.21,64.64,80.38,7.92
433,Wenshang,28,CN,1563664141,68,35.72,116.48,87.01,0.38
434,Dandong,86,CN,1563664142,88,40.12,124.37,76.6,6.71
435,Coquimbo,100,CL,1563664144,81,-29.95,-71.34,53.6,9.17
436,Podosinovets,100,RU,1563664145,93,60.28,47.06,57.16,1.25
437,Los Llanos de Aridane,90,ES,1563664147,78,28.66,-17.92,73.4,13.87
438,Cockburn Town,40,TC,1563664148,66,21.46,-71.14,87.8,9.17
439,Klyuchi,11,RU,1563664149,91,52.25,79.17,65.26,5.3
440,Myasnikyan,0,AM,1563664151,37,40.18,43.92,82.4,13.87
441,Rosarito,40,CO,1563664152,45,4.91,-75.23,86.0,9.17
442,Buala,82,SB,1563664153,76,-8.15,159.59,82.36,11.27
443,Puerto Narino,75,CO,1563664155,88,-3.77,-70.38,82.4,2.71
444,Moussoro,100,TD,1563664156,58,13.64,16.49,83.62,10.51
445,Nichinan,75,JP,1563664158,94,31.65,131.31,78.8,8.05
446,Waitati,96,NZ,1563664160,99,-45.75,170.57,50.0,15.68
447,Jasper,1,US,1563664161,100,33.83,-87.28,80.01,6.69
448,Severo-Yeniseyskiy,95,RU,1563664163,60,60.37,93.04,55.72,8.28
449,Seymchan,90,RU,1563664164,60,62.93,152.39,48.88,4.92
450,Chemal,1,RU,1563664165,98,51.41,86.0,51.94,3.94
451,Wilkes-Barre,1,US,1563664167,62,41.25,-75.88,91.0,11.41
452,Birjand,0,IR,1563663958,17,32.86,59.22,84.2,33.33
453,Ponta do Sol,68,BR,1563664171,69,-20.63,-46.0,56.62,5.06
454,Skierniewice,0,PL,1563664173,68,51.96,20.14,71.01,2.24
455,Fare,16,PF,1563664175,76,-16.7,-151.02,76.42,16.22
456,Oussouye,0,SN,1563664176,78,12.49,-16.54,82.4,4.7
457,Yuncheng,0,CN,1563664177,61,35.03,111.0,83.08,7.49
458,Chimbote,3,PE,1563664179,90,-9.08,-78.59,62.38,9.19
459,Enid,20,US,1563663980,25,36.4,-97.88,100.4,19.46
460,Kiruna,67,SE,1563664181,93,67.86,20.23,55.4,5.82
461,Sola,71,TZ,1563664183,48,-3.17,33.8,68.5,5.3
462,Foki,0,RU,1563664184,95,56.69,54.35,57.16,3.04
463,Kropotkin,16,RU,1563664185,50,45.43,40.58,69.94,9.93
464,Taiyuan,53,CN,1563664187,88,37.86,112.56,68.0,2.24
465,Khasan,96,RU,1563664188,99,42.43,130.64,67.24,8.34
466,Kodinsk,100,RU,1563664189,51,58.6,99.18,59.32,6.35
467,Port Hedland,7,AU,1563664191,45,-20.31,118.58,62.6,9.17
468,Tandil,99,AR,1563664192,96,-37.33,-59.14,57.99,5.01
469,Mpulungu,0,ZM,1563664194,60,-8.77,31.12,54.46,3.09
470,Ketchikan,40,US,1563664195,59,55.34,-131.65,66.2,12.75
471,Phuket,75,TH,1563664196,88,7.89,98.4,77.0,1.12
472,Vestmanna,83,FO,1563664198,100,62.16,-7.17,51.8,3.36
473,Revda,0,RU,1563664199,84,67.94,34.55,51.4,2.68
474,Talavera de la Reina,0,ES,1563663927,31,39.96,-4.83,78.01,1.99
475,Popondetta,29,PG,1563664202,71,-8.77,148.24,73.9,4.45
476,Matata,17,NZ,1563664203,72,-37.89,176.76,57.99,1.01
477,Adana,0,TR,1563664204,88,37.0,35.33,78.01,3.36
478,Flinders,0,AU,1563664206,57,-34.58,150.85,64.0,1.12
479,Myitkyina,100,MM,1563664208,97,25.38,97.4,74.08,1.1
480,Sharjah,0,AE,1563664210,56,25.36,55.39,95.0,8.05
481,Yatou,75,CM,1563664211,94,3.63,9.81,78.8,2.24
482,Snasa,95,NO,1563664212,79,64.25,12.38,58.06,6.06
483,Monywa,100,MM,1563664214,71,22.12,95.13,83.98,8.19
484,Gizo,20,IL,1563664215,73,31.8,34.94,77.0,4.7
485,Ellisras,0,ZA,1563664216,27,-23.67,27.74,51.94,8.21
486,Bongandanga,80,CD,1563664218,96,1.51,21.07,69.58,0.94
487,Jinxi,48,CN,1563664219,84,27.92,116.75,83.62,5.19
488,Mount Isa,17,AU,1563664221,39,-20.73,139.49,50.0,9.31
489,Shestakovo,50,RU,1563664222,68,56.49,103.96,57.88,5.06
490,Corinth,0,GR,1563664224,44,37.94,22.93,80.01,3.36
491,Trujillo,1,VE,1563664225,77,9.37,-70.44,74.8,3.0
492,Doka,57,SD,1563664226,76,13.52,35.76,79.3,7.63
493,Bilibino,99,RU,1563664228,59,68.06,166.44,43.3,4.07
494,Braganca,32,BR,1563664229,97,-1.05,-46.77,72.82,3.67
495,Saryg-Sep,1,RU,1563664231,68,51.49,95.55,57.7,2.35
496,Fort Pierce,40,US,1563664232,66,27.45,-80.33,86.0,5.82
497,Gimli,5,CA,1563664234,54,50.63,-96.99,71.01,5.99
498,Nshamba,0,TZ,1563664235,83,-1.8,31.55,71.6,1.19
499,Saint-Esteve,5,FR,1563664236,83,42.71,2.84,75.2,4.7
500,Bria,73,CF,1563664238,93,6.54,21.99,68.68,1.81
501,Jumla,27,NP,1563664239,94,29.28,82.18,51.4,1.99
502,Ishigaki,75,JP,1563664241,94,24.34,124.16,82.4,12.75
503,Plyussa,0,RU,1563664242,96,58.42,29.37,52.66,3.83
504,Kirkuk,0,IQ,1563664243,20,35.47,44.4,83.8,7.87
505,Narsaq,40,GL,1563664244,58,60.91,-46.05,59.0,14.99
506,Bonnyville,20,CA,1563664246,43,54.27,-110.74,69.8,6.93
507,Dubbo,0,AU,1563664247,52,-32.25,148.6,46.4,5.82
508,Kalamazoo,1,US,1563664089,83,42.29,-85.59,75.2,6.26
509,Praia da Vitoria,20,PT,1563664251,78,38.73,-27.07,75.2,17.65
510,Leningradskiy,79,RU,1563664253,88,69.38,178.42,37.54,15.23
511,Namibe,61,AO,1563664254,86,-15.19,12.15,69.22,3.69
512,Manicore,75,BR,1563664256,68,-5.81,-61.3,78.76,2.35
513,Nivala,0,FI,1563664257,95,63.93,24.96,53.02,2.33
514,Parrita,40,CR,1563664259,61,9.52,-84.33,84.2,19.46
515,Nemuro,100,JP,1563664261,96,43.32,145.57,57.16,9.08
516,Burnie,86,AU,1563664262,84,-41.05,145.91,52.0,14.0
517,Itarema,73,BR,1563664264,81,-2.92,-39.92,73.72,7.05
518,Makat,0,KZ,1563664265,34,47.65,53.35,77.86,8.52
519,Three Hills,75,CA,1563664103,64,51.7,-113.27,68.0,6.93
520,Lucapa,0,AO,1563664268,30,-8.42,20.74,61.48,2.62
521,Amurzet,98,CN,1563664269,97,47.69,131.09,70.12,7.18
522,Hualmay,26,PE,1563664271,84,-11.1,-77.61,61.84,8.28
523,Shahrud,0,IR,1563664273,48,36.42,54.97,59.68,1.05
524,Vostok,78,RU,1563664275,60,46.45,135.83,81.82,1.21
525,Amarpur,98,IN,1563664276,96,23.52,91.65,78.22,4.0
526,Kindu,7,CD,1563664277,81,-2.95,25.92,71.56,3.22
527,Port Moresby,40,PG,1563664279,88,-9.47,147.16,71.6,3.36
528,Horta,40,BR,1563664280,78,-10.93,-37.66,77.0,13.87
529,Tamasopo,89,MX,1563664281,64,21.92,-99.39,72.82,6.98
530,Sinnamary,97,GF,1563664282,79,5.38,-52.96,81.64,16.62
531,Mut,0,TR,1563664284,48,36.64,33.44,62.56,6.55
532,Tashtyp,94,RU,1563664285,99,52.8,89.89,51.22,1.45
533,Rio Gallegos,0,AR,1563664287,55,-51.62,-69.22,39.2,16.11
534,Rahimatpur,98,IN,1563664288,94,17.59,74.2,71.38,2.01
535,Banda Aceh,100,ID,1563664290,81,5.56,95.32,82.18,27.11
536,Kota Belud,75,MY,1563664067,88,6.35,116.43,79.0,5.82
537,Sovetskiy,20,RU,1563664292,96,56.76,48.47,54.82,6.51
538,La Trinidad,75,NI,1563664294,69,12.97,-86.24,75.2,4.7
539,Lagoa,0,PT,1563664295,39,37.14,-8.45,82.4,16.11
540,Harnosand,8,SE,1563664296,100,62.63,17.94,55.4,3.36
541,Vitim,2,RU,1563664298,41,59.44,112.57,62.56,16.24
542,Pevek,72,RU,1563664299,90,69.7,170.27,33.4,0.69
543,Nome,40,US,1563664300,62,30.04,-94.42,93.99,14.99
544,Bathsheba,40,BB,1563664125,74,13.22,-59.52,82.4,13.87
545,Beaumont,40,US,1563664226,62,30.09,-94.1,91.4,14.99
546,Aklavik,75,CA,1563664305,46,68.22,-135.01,73.4,9.17
547,Gitega,91,BI,1563664307,83,-3.43,29.93,58.42,3.98
548,Yar-Sale,20,RU,1563664308,70,66.83,70.83,66.16,2.1
549,Port Huron,75,US,1563664310,49,42.98,-82.44,93.2,29.97
550,Sibolga,100,ID,1563664311,79,1.74,98.78,81.28,13.31
551,San Luis,69,AR,1563664312,83,-33.3,-66.34,58.24,14.76
552,Poum,0,MK,1563664314,79,41.28,20.71,56.98,1.36
553,Crailsheim,40,DE,1563664315,56,49.14,10.07,73.4,5.82
554,Bershet,0,RU,1563664317,87,57.73,56.38,60.8,2.24
555,Jinka,41,ET,1563664318,82,5.79,36.57,64.72,3.2
556,Erzurum,0,TR,1563664320,56,39.91,41.27,69.8,14.99
557,Lieksa,91,FI,1563664321,78,63.32,30.02,51.58,1.54
558,Hendersonville,75,US,1563664219,59,36.3,-86.62,93.2,25.28
559,Bonavista,0,CA,1563664323,86,48.65,-53.11,50.0,3.0
560,Mitsamiouli,0,KM,1563664325,67,-11.38,43.28,76.42,1.36
561,Shirokiy,0,RU,1563664326,80,53.87,39.17,59.0,1.99
562,Ryazanovskiy,46,RU,1563664328,98,55.55,39.43,57.34,8.19
563,Surgut,20,RU,1563664329,100,61.25,73.4,64.4,2.24
564,Port Blair,97,IN,1563664330,79,11.67,92.75,81.82,9.44
565,Taltal,11,CL,1563664332,86,-25.41,-70.49,49.06,2.01
566,Sandviken,15,SE,1563664333,49,60.62,16.77,62.01,1.99
567,Telsiai,16,LT,1563664335,87,55.98,22.25,57.16,7.43
568,Queimadas,90,BR,1563664336,94,-7.36,-35.9,68.0,4.7
569,Vao,0,EE,1563664337,79,59.1,26.19,56.44,5.99
570,Maine-Soroa,4,NE,1563664339,39,13.21,12.02,88.84,9.91
571,Ojinaga,1,US,1563664340,17,29.56,-104.41,104.0,13.87
